User,Password
panasonic,Panasonic@1234
panasonic1,Panasonic@1234
panasonic2,Panasonic@1234
panasonic3,Panasonic@1234
panasonic4,Panasonic@1234
panasonic5,Panasonic@1234
panasonic6,Panasonic@1234
panasonic7,Panasonic@1234
panasonic8,Panasonic@1234
panasonic9,Panasonic@1234
panasonic10,Panasonic@1234
panasonic11,Panasonic@1234
panasonic12,Panasonic@1234
panasonic13,Panasonic@1234
panasonic14,Panasonic@1234
panasonic15,Panasonic@1234
panasonic16,Panasonic@1234
panasonic17,Panasonic@1234
panasonic18,Panasonic@1234
panasonic19,Panasonic@1234
panasonic20,Panasonic@1234
panasonic21,Panasonic@1234
panasonic22,Panasonic@1234
panasonic23,Panasonic@1234
panasonic24,Panasonic@1234
panasonic25,Panasonic@1234
panasonic26,Panasonic@1234
panasonic27,Panasonic@1234
panasonic28,Panasonic@1234
panasonic29,Panasonic@1234
panasonic30,Panasonic@1234
panasonic31,Panasonic@1234
panasonic32,Panasonic@1234
panasonic33,Panasonic@1234
panasonic34,Panasonic@1234
panasonic35,Panasonic@1234
panasonic36,Panasonic@1234
panasonic37,Panasonic@1234
panasonic38,Panasonic@1234
panasonic39,Panasonic@1234
panasonic40,Panasonic@1234
panasonic41,Panasonic@1234
panasonic42,Panasonic@1234
panasonic43,Panasonic@1234
su,Panasonic@1234
mohan,Panasonic@1234
vinayD,Vinay@0357
vinay1,Vinay@0357
vinay2,Vinay@0357
vinay3,Vinay@0357
